model,total_votes,percentage
web-rev-claude-opus-4-20250514,1378,24.766355140186917
gpt-5,1179,21.18979151689432
gemini-2.5-pro,1096,19.6980589503954
qwen3-32b,1079,19.39252336448598
deepseek-chat,832,14.953271028037381
